Layer_1_Weights,Layer_1_Biases,Layer_3_Weights,Layer_3_Biases
-0.6417274,-0.5148875,2.3909063,-0.24272548
-0.79407436,-0.5909837,1.4865627,
0.10774194,0.16926274,-0.44466862,
0.43167636,,,
0.5323873,,,
-0.084574185,,,
0.30562142,,,
0.37433445,,,
-0.048019428,,,
