Layer_1_Weights,Layer_1_Biases,Layer_3_Weights,Layer_3_Biases
-0.6944163,-0.5152606,1.8993865,-0.34183577
-2.1270268e-35,-0.37326282,-0.17642643,
-0.70887405,-0.5541147,2.024051,
0.45633024,,,
1.7838835e-34,,,
0.4914077,,,
0.3190286,,,
9.418437e-35,,,
0.33382198,,,
