Layer_1_Weights,Layer_1_Biases,Layer_3_Weights,Layer_3_Biases
0.16396177,0.26562315,-0.49416232,-0.16564806
-1.1834014e-34,-0.29057753,-0.5453725,
-1.125396,-0.9020611,2.2816997,
-0.1383527,,,
7.872474e-25,,,
0.74722874,,,
-0.073967345,,,
4.531161e-13,,,
0.52804804,,,
